{
  "model": "Qwen/Qwen2.5-0.5B-Instruct",
  "checkpoint": null,
  "num_examples": 50,
  "per_role": {
    "STRUCTURAL": {
      "mean_loss": 4.9421337890625,
      "count": 100
    },
    "QUOTE": {
      "mean_loss": 0.22482244918220923,
      "count": 950
    },
    "KEY": {
      "mean_loss": 1.2084567494392395,
      "count": 1000
    },
    "ENUM_VALUE": {
      "mean_loss": 1.7304062762306731,
      "count": 206
    },
    "BOOLEAN": {
      "mean_loss": 0.810126953125,
      "count": 100
    },
    "FREE_TEXT": {
      "mean_loss": 1.7551233120870648,
      "count": 1642
    },
    "WHITESPACE": {
      "mean_loss": 0.016899458232678865,
      "count": 1425
    }
  },
  "total_mean_loss": 0.9698915820972035,
  "total_tokens": 5423
}