{
  "model": "Qwen/Qwen2.5-0.5B-Instruct",
  "checkpoint": "checkpoints/05b_restaurants_lora_epoch10",
  "num_examples": 50,
  "per_role": {
    "STRUCTURAL": {
      "mean_loss": 0.0006039810180664063,
      "count": 100
    },
    "QUOTE": {
      "mean_loss": 0.04380287446473774,
      "count": 950
    },
    "KEY": {
      "mean_loss": 0.0015647212266921998,
      "count": 1000
    },
    "ENUM_VALUE": {
      "mean_loss": 0.3579860329627991,
      "count": 206
    },
    "BOOLEAN": {
      "mean_loss": 0.36098203659057615,
      "count": 100
    },
    "FREE_TEXT": {
      "mean_loss": 1.2074923011475445,
      "count": 1642
    },
    "WHITESPACE": {
      "mean_loss": 4.5902352584035775e-05,
      "count": 1425
    }
  },
  "total_mean_loss": 0.3938500729957762,
  "total_tokens": 5423
}