{
  "model": "Qwen/Qwen2.5-0.5B-Instruct",
  "checkpoint": "checkpoints/05b_flights_lora_epoch10",
  "num_examples": 50,
  "per_role": {
    "STRUCTURAL": {
      "mean_loss": 0.00017042279243469237,
      "count": 100
    },
    "QUOTE": {
      "mean_loss": 0.0011465572393857515,
      "count": 1300
    },
    "KEY": {
      "mean_loss": 0.0002716045379638672,
      "count": 1750
    },
    "ENUM_VALUE": {
      "mean_loss": 0.21923694264504218,
      "count": 310
    },
    "BOOLEAN": {
      "mean_loss": 0.39645225524902344,
      "count": 50
    },
    "FREE_TEXT": {
      "mean_loss": 0.5605857513798638,
      "count": 1769
    },
    "WHITESPACE": {
      "mean_loss": 1.2157574678078676e-05,
      "count": 1950
    }
  },
  "total_mean_loss": 0.14960144433198191,
  "total_tokens": 7229
}