{
  "model": "Qwen/Qwen2.5-32B-Instruct",
  "checkpoint": "checkpoints/32b_restaurants_lora_epoch10",
  "num_examples": 50,
  "per_role": {
    "STRUCTURAL": {
      "mean_loss": 9.723305702209472e-05,
      "count": 100
    },
    "QUOTE": {
      "mean_loss": 0.024529113895014713,
      "count": 950
    },
    "KEY": {
      "mean_loss": 8.153998851776122e-05,
      "count": 1000
    },
    "ENUM_VALUE": {
      "mean_loss": 0.49270707658193647,
      "count": 206
    },
    "BOOLEAN": {
      "mean_loss": 0.44413659572601316,
      "count": 100
    },
    "FREE_TEXT": {
      "mean_loss": 1.218823822639456,
      "count": 1642
    },
    "WHITESPACE": {
      "mean_loss": 3.6984159235368696e-07,
      "count": 1425
    }
  },
  "total_mean_loss": 0.40026083028604464,
  "total_tokens": 5423
}