{
  "model": "Qwen/Qwen2.5-7B-Instruct",
  "checkpoint": "checkpoints/7b_restaurants_lora_epoch10",
  "num_examples": 50,
  "per_role": {
    "STRUCTURAL": {
      "mean_loss": 0.0002915525436401367,
      "count": 100
    },
    "QUOTE": {
      "mean_loss": 0.04010434301275956,
      "count": 950
    },
    "KEY": {
      "mean_loss": 0.00013837921619415283,
      "count": 1000
    },
    "ENUM_VALUE": {
      "mean_loss": 0.5594847086563851,
      "count": 206
    },
    "BOOLEAN": {
      "mean_loss": 0.6264396584033967,
      "count": 100
    },
    "FREE_TEXT": {
      "mean_loss": 1.0536014275051353,
      "count": 1642
    },
    "WHITESPACE": {
      "mean_loss": 4.3040827700966284e-07,
      "count": 1425
    }
  },
  "total_mean_loss": 0.3588749093585583,
  "total_tokens": 5423
}