{
  "model": "Qwen/Qwen2.5-7B-Instruct",
  "checkpoint": "checkpoints/7b_flights_lora_epoch10",
  "num_examples": 50,
  "per_role": {
    "STRUCTURAL": {
      "mean_loss": 0.0003418529033660889,
      "count": 100
    },
    "QUOTE": {
      "mean_loss": 0.0011132923456338736,
      "count": 1300
    },
    "KEY": {
      "mean_loss": 0.00010139874049595423,
      "count": 1750
    },
    "ENUM_VALUE": {
      "mean_loss": 0.3680773319736604,
      "count": 310
    },
    "BOOLEAN": {
      "mean_loss": 0.3146580910682678,
      "count": 50
    },
    "FREE_TEXT": {
      "mean_loss": 0.5670355645325845,
      "count": 1769
    },
    "WHITESPACE": {
      "mean_loss": 1.603395510942508e-06,
      "count": 1950
    }
  },
  "total_mean_loss": 0.15694907053259996,
  "total_tokens": 7229
}